{
    "DeploymentName": "Demo",
    "DNSName": "gitlab.demo.powershell.no",
    "AzureResourceGroup": "Demo-ReleasePipeline",
    "AzureLocation": "westeurope",
    "AzureDNSName": "azure-gitlab.demo.powershell.no",
    "AWSLocation": "eu-central-1",
    "AWSDNSName": "aws-gitlab.demo.powershell.no",
    "Mode": "ActiveActive",
    "ActiveCloud": "Azure",
    "AutomaticFailover": "true",
    "AutomaticBuilds": "true",
    "resources": [
        {
            "comment": "GitLab Server (CoreOS)",
            "deploy": true,
            "templateFileAzure": "./templates/az-coreos.template.json",
            "templateFileAWS": "./templates/aws-coreos.template.json",
            "parametersFileAzure": "./deployments/az-gitlab01-deploymentParameters.json",
            "parametersFileAWS": "./deployments/aws-gitlab01-deploymentParameters.json",
            "customDataFile":  "./configs/gitlab01.cloud-config.yml"
        },
        {
            "comment": "DNS Zone",
            "deploy": false,
            "AzureResourceGroupName": "psconfeu2017demo",
            "AzureDNSZoneName": "demo.powershell.no",
            "templateFileAzure": "./templates/az-dns-zone.template.json",
            "parametersFileAzure": "./deployments/az-dns-zone-deploymentParameters.json"
        }
    ]
}