{
  "AWSTemplateFormatVersion": "2010-09-09",
  "Description": "CoreOS on EC2",
  "Parameters": {
    "KeyName" : {
      "Description" : "The name of an EC2 Key Pair to allow SSH access to the instance.",
      "Type" : "String"
    },
    "InstanceType": {
      "Type" : "String",
      "Default" : "t2.small"
    },
    "UserData": {
      "Type" : "String"
    }
  },
  "Resources": {
    "EC2Instance": {
      "Type": "AWS::EC2::Instance",
      "Properties": {
        "InstanceType": { "Ref" : "InstanceType" },
        "SecurityGroups": [ { "Ref": "InstanceSecurityGroup" } ],
        "KeyName": { "Ref": "KeyName" },
        "ImageId": "ami-2bcc1e44",
        "UserData": { "Ref" : "UserData" },
        "Tags" : [ {
          "Key" : "Name",
          "Value" : "GitLab"
        } ]
      }
    },

    "InstanceSecurityGroup" : {
      "Type" : "AWS::EC2::SecurityGroup",
      "Properties" : {
        "GroupDescription" : "GitLab Security Group",
        "SecurityGroupIngress" : [
          {
            "IpProtocol" : "tcp",
            "FromPort" : "22",
            "ToPort" : "22",
            "CidrIp" : "0.0.0.0/0"
          },
          {
            "IpProtocol" : "tcp",
            "FromPort" : "2222",
            "ToPort" : "2222",
            "CidrIp" : "0.0.0.0/0"
          },
          {
            "IpProtocol" : "tcp",
            "FromPort" : "80",
            "ToPort" : "80",
            "CidrIp" : "0.0.0.0/0"
          },
          {
            "IpProtocol" : "tcp",
            "FromPort" : "443",
            "ToPort" : "443",
            "CidrIp" : "0.0.0.0/0"
          },
          {
            "IpProtocol" : "tcp",
            "FromPort" : "8080",
            "ToPort" : "8080",
            "CidrIp" : "0.0.0.0/0"
          }
        ]
      }
    }
  },
  "Outputs": {
    "PublicIP" : {
      "Description" : "Public IP address of the newly created EC2 instance",
      "Value" : { "Fn::GetAtt" : [ "EC2Instance", "PublicIp" ] }
    }
  }
}
