{
    "$schema": "https://schema.management.azure.com/schemas/2015-01-01/deploymentTemplate.json#",
    "contentVersion": "1.0.0.0",
    "parameters": {
        "dnszone_name": {
            "defaultValue": "",
            "type": "String"
        }
    },
    "variables": {},
    "resources": [
        {
            "comments": "",
            "type": "Microsoft.Network/dnszones",
            "name": "[parameters('dnszone_name')]",
            "apiVersion": "2016-04-01",
            "location": "global",
            "tags": {},
            "properties": {
                "maxNumberOfRecordSets": 5000,
                "numberOfRecordSets": 2
            },
            "dependsOn": []
        }
    ]
}