{
  "$schema": "https://schema.management.azure.com/schemas/2015-01-01/deploymentTemplate.json#",
  "contentVersion": "1.0.0.0",
  "parameters": {
    "poshjhp0815Type": {
      "type": "string",
      "defaultValue": "Standard_LRS",
      "allowedValues": [
        "Standard_LRS",
        "Standard_ZRS",
        "Standard_GRS",
        "Standard_RAGRS",
        "Premium_LRS"
      ]
    },
    "poshjhp01Name": {
      "type": "string",
      "minLength": 1
    },
    "poshjhp01AdminUserName": {
      "type": "string",
      "minLength": 1
    },
    "poshjhp01AdminPassword": {
      "type": "securestring"
    },
    "poshjhp01WindowsOSVersion": {
      "type": "string",
      "defaultValue": "2012-R2-Datacenter",
      "allowedValues": [
        "2008-R2-SP1",
        "2012-Datacenter",
        "2012-R2-Datacenter",
        "Windows-Server-Technical-Preview"
      ]
    }},
  "variables": {
    "poshjhp0815Name": "[concat('poshjhp0815', uniqueString(resourceGroup().id))]",
    "newnetworkPrefix": "10.0.0.0/16",
    "newnetworkSubnet1Name": "Subnet-1",
    "newnetworkSubnet1Prefix": "10.0.0.0/24",
    "newnetworkSubnet2Name": "Subnet-2",
    "newnetworkSubnet2Prefix": "10.0.1.0/24",
    "poshjhp01ImagePublisher": "MicrosoftWindowsServer",
    "poshjhp01ImageOffer": "WindowsServer",
    "poshjhp01OSDiskName": "poshjhp01OSDisk",
    "poshjhp01VmSize": "Standard_D2_v2",
    "poshjhp01VnetID": "[resourceId('Microsoft.Network/virtualNetworks', 'newnetwork')]",
    "poshjhp01SubnetRef": "[concat(variables('poshjhp01VnetID'), '/subnets/', variables('newnetworkSubnet1Name'))]",
    "poshjhp01StorageAccountContainerName": "vhds",
    "poshjhp01NicName": "[concat(parameters('poshjhp01Name'), 'NetworkInterface')]"},
  "resources": [
    {
      "name": "[variables('poshjhp0815Name')]",
      "type": "Microsoft.Storage/storageAccounts",
      "location": "[resourceGroup().location]",
      "apiVersion": "2016-01-01",
      "sku": {
        "name": "[parameters('poshjhp0815Type')]"
      },
      "dependsOn": [ ],
      "tags": {
        "displayName": "poshjhp0815"
      },
      "kind": "Storage"
    },
    {
      "name": "newnetwork",
      "type": "Microsoft.Network/virtualNetworks",
      "location": "[resourceGroup().location]",
      "apiVersion": "2016-03-30",
      "dependsOn": [ ],
      "tags": {
        "displayName": "newnetwork"
      },
      "properties": {
        "addressSpace": {
          "addressPrefixes": [
            "[variables('newnetworkPrefix')]"
          ]
        },
        "subnets": [
          {
            "name": "[variables('newnetworkSubnet1Name')]",
            "properties": {
              "addressPrefix": "[variables('newnetworkSubnet1Prefix')]"
            }
          },
          {
            "name": "[variables('newnetworkSubnet2Name')]",
            "properties": {
              "addressPrefix": "[variables('newnetworkSubnet2Prefix')]"
            }
          }
        ]
      }
    },
    {
      "name": "[variables('poshjhp01NicName')]",
      "type": "Microsoft.Network/networkInterfaces",
      "location": "[resourceGroup().location]",
      "apiVersion": "2016-03-30",
      "dependsOn": [
        "[resourceId('Microsoft.Network/virtualNetworks', 'newnetwork')]"
      ],
      "tags": {
        "displayName": "poshjhp01Nic"
      },
      "properties": {
        "ipConfigurations": [
          {
            "name": "ipconfig1",
            "properties": {
              "privateIPAllocationMethod": "Dynamic",
              "subnet": {
                "id": "[variables('poshjhp01SubnetRef')]"
              }
            }
          }
        ]
      }
    },
    {
      "name": "[parameters('poshjhp01Name')]",
      "type": "Microsoft.Compute/virtualMachines",
      "location": "[resourceGroup().location]",
      "apiVersion": "2015-06-15",
      "dependsOn": [
        "[resourceId('Microsoft.Storage/storageAccounts', variables('poshjhp0815Name'))]",
        "[resourceId('Microsoft.Network/networkInterfaces', variables('poshjhp01NicName'))]"
      ],
      "tags": {
        "displayName": "poshjhp01"
      },
      "properties": {
        "hardwareProfile": {
          "vmSize": "[variables('poshjhp01VmSize')]"
        },
        "osProfile": {
          "computerName": "[parameters('poshjhp01Name')]",
          "adminUsername": "[parameters('poshjhp01AdminUsername')]",
          "adminPassword": "[parameters('poshjhp01AdminPassword')]"
        },
        "storageProfile": {
          "imageReference": {
            "publisher": "[variables('poshjhp01ImagePublisher')]",
            "offer": "[variables('poshjhp01ImageOffer')]",
            "sku": "[parameters('poshjhp01WindowsOSVersion')]",
            "version": "latest"
          },
          "osDisk": {
            "name": "poshjhp01OSDisk",
            "vhd": {
              "uri": "[concat(reference(resourceId('Microsoft.Storage/storageAccounts', variables('poshjhp0815Name')), '2016-01-01').primaryEndpoints.blob, variables('poshjhp01StorageAccountContainerName'), '/', variables('poshjhp01OSDiskName'), '.vhd')]"
            },
            "caching": "ReadWrite",
            "createOption": "FromImage"
          }
        },
        "networkProfile": {
          "networkInterfaces": [
            {
              "id": "[resourceId('Microsoft.Network/networkInterfaces', variables('poshjhp01NicName'))]"
            }
          ]
        }
      }
    }],
  "outputs": {}
}
